Date,Product Name,Region,Quantity
2023-01-01,Part Name,East,82
2023-01-01,Engine,North,32
2023-01-01,Transmission,South,85
2023-01-01,Brake Pads,Delhi,71
2023-01-01,Alternator,East,71
2023-01-01,Starter Motor,North,75
2023-01-01,Suspension System,South,21
2023-01-01,Fuel Pump,South,10
2023-01-01,Exhaust System,East,23
2023-01-01,Battery,North,66
2023-01-02,Part Name,South,97
2023-01-02,Engine,South,6
2023-01-02,Transmission,North,72
2023-01-02,Brake Pads,North,71
2023-01-02,Alternator,East,71
2023-01-02,Starter Motor,South,81
2023-01-02,Suspension System,North,13
2023-01-02,Fuel Pump,Bangalore,32
2023-01-02,Exhaust System,North,24
2023-01-02,Battery,East,16
2023-01-03,Part Name,Mangalore,35
2023-01-03,Engine,Delhi,39
2023-01-03,Transmission,North,30
2023-01-03,Brake Pads,Mangalore,58
2023-01-03,Alternator,South,27
2023-01-03,Starter Motor,Delhi,74
2023-01-03,Suspension System,Bangalore,96
2023-01-03,Fuel Pump,East,73
2023-01-03,Exhaust System,East,91
2023-01-03,Battery,East,8
2023-01-04,Part Name,Mangalore,42
2023-01-04,Engine,Mangalore,75
2023-01-04,Transmission,North,84
2023-01-04,Brake Pads,Mangalore,72
2023-01-04,Alternator,Bangalore,56
2023-01-04,Starter Motor,Mangalore,7
2023-01-04,Suspension System,East,87
2023-01-04,Fuel Pump,East,55
2023-01-04,Exhaust System,Mangalore,47
2023-01-04,Battery,Delhi,53
2023-01-05,Part Name,South,28
2023-01-05,Engine,South,50
2023-01-05,Transmission,South,18
2023-01-05,Brake Pads,Mangalore,16
2023-01-05,Alternator,East,80
2023-01-05,Starter Motor,South,41
2023-01-05,Suspension System,East,83
2023-01-05,Fuel Pump,East,74
2023-01-05,Exhaust System,South,22
2023-01-05,Battery,Bangalore,41
2023-01-06,Part Name,South,50
2023-01-06,Engine,Mangalore,92
2023-01-06,Transmission,Delhi,3
2023-01-06,Brake Pads,South,86
2023-01-06,Alternator,Bangalore,10
2023-01-06,Starter Motor,East,53
2023-01-06,Suspension System,East,86
2023-01-06,Fuel Pump,Delhi,55
2023-01-06,Exhaust System,South,54
2023-01-06,Battery,East,49
2023-01-07,Part Name,Delhi,90
2023-01-07,Engine,North,43
2023-01-07,Transmission,North,78
2023-01-07,Brake Pads,North,80
2023-01-07,Alternator,Bangalore,89
2023-01-07,Starter Motor,Delhi,82
2023-01-07,Suspension System,Bangalore,62
2023-01-07,Fuel Pump,South,69
2023-01-07,Exhaust System,South,26
2023-01-07,Battery,Bangalore,80
2023-01-08,Part Name,Bangalore,1
2023-01-08,Engine,Mangalore,99
2023-01-08,Transmission,South,31
2023-01-08,Brake Pads,Bangalore,19
2023-01-08,Alternator,Mangalore,85
2023-01-08,Starter Motor,North,68
2023-01-08,Suspension System,South,49
2023-01-08,Fuel Pump,North,89
2023-01-08,Exhaust System,Bangalore,25
2023-01-08,Battery,Delhi,68
2023-01-09,Part Name,Mangalore,69
2023-01-09,Engine,Mangalore,34
2023-01-09,Transmission,Mangalore,71
2023-01-09,Brake Pads,North,89
2023-01-09,Alternator,South,24
2023-01-09,Starter Motor,South,55
2023-01-09,Suspension System,Bangalore,82
2023-01-09,Fuel Pump,North,84
2023-01-09,Exhaust System,Mangalore,8
2023-01-09,Battery,Delhi,75
2023-01-10,Part Name,Mangalore,51
2023-01-10,Engine,South,34
2023-01-10,Transmission,North,7
2023-01-10,Brake Pads,Mangalore,66
2023-01-10,Alternator,East,98
2023-01-10,Starter Motor,South,62
2023-01-10,Suspension System,Bangalore,26
2023-01-10,Fuel Pump,Delhi,34
2023-01-10,Exhaust System,Mangalore,48
2023-01-10,Battery,South,27
2023-01-11,Part Name,North,71
2023-01-11,Engine,South,69
2023-01-11,Transmission,South,47
2023-01-11,Brake Pads,North,15
2023-01-11,Alternator,Mangalore,42
2023-01-11,Starter Motor,East,17
2023-01-11,Suspension System,North,39
2023-01-11,Fuel Pump,East,41
2023-01-11,Exhaust System,Delhi,89
2023-01-11,Battery,South,9
2023-01-12,Part Name,Bangalore,24
2023-01-12,Engine,North,3
2023-01-12,Transmission,South,28
2023-01-12,Brake Pads,Mangalore,76
2023-01-12,Alternator,Bangalore,42
2023-01-12,Starter Motor,Bangalore,25
2023-01-12,Suspension System,Mangalore,12
2023-01-12,Fuel Pump,North,20
2023-01-12,Exhaust System,South,6
2023-01-12,Battery,Bangalore,49
2023-01-13,Part Name,Mangalore,73
2023-01-13,Engine,South,88
2023-01-13,Transmission,Bangalore,47
2023-01-13,Brake Pads,Bangalore,92
2023-01-13,Alternator,East,4
2023-01-13,Starter Motor,North,71
2023-01-13,Suspension System,East,6
2023-01-13,Fuel Pump,East,70
2023-01-13,Exhaust System,Delhi,86
2023-01-13,Battery,Delhi,53
2023-01-14,Part Name,North,45
2023-01-14,Engine,East,70
2023-01-14,Transmission,Mangalore,60
2023-01-14,Brake Pads,North,87
2023-01-14,Alternator,Bangalore,59
2023-01-14,Starter Motor,North,19
2023-01-14,Suspension System,Delhi,29
2023-01-14,Fuel Pump,South,54
2023-01-14,Exhaust System,South,42
2023-01-14,Battery,Delhi,52
2023-01-15,Part Name,Delhi,71
2023-01-15,Engine,South,24
2023-01-15,Transmission,East,52
2023-01-15,Brake Pads,North,47
2023-01-15,Alternator,North,21
2023-01-15,Starter Motor,South,16
2023-01-15,Suspension System,South,55
2023-01-15,Fuel Pump,Mangalore,56
2023-01-15,Exhaust System,Delhi,68
2023-01-15,Battery,Bangalore,15
2023-01-16,Part Name,North,32
2023-01-16,Engine,North,53
2023-01-16,Transmission,South,34
2023-01-16,Brake Pads,East,11
2023-01-16,Alternator,North,3
2023-01-16,Starter Motor,North,76
2023-01-16,Suspension System,East,57
2023-01-16,Fuel Pump,East,34
2023-01-16,Exhaust System,Bangalore,63
2023-01-16,Battery,Delhi,46
2023-01-17,Part Name,East,97
2023-01-17,Engine,Mangalore,27
2023-01-17,Transmission,South,94
2023-01-17,Brake Pads,South,92
2023-01-17,Alternator,North,96
2023-01-17,Starter Motor,Bangalore,50
2023-01-17,Suspension System,Bangalore,92
2023-01-17,Fuel Pump,Mangalore,16
2023-01-17,Exhaust System,North,36
2023-01-17,Battery,South,35
2023-01-18,Part Name,Bangalore,4
2023-01-18,Engine,Bangalore,97
2023-01-18,Transmission,Bangalore,94
2023-01-18,Brake Pads,Bangalore,32
2023-01-18,Alternator,South,66
2023-01-18,Starter Motor,Mangalore,63
2023-01-18,Suspension System,Mangalore,22
2023-01-18,Fuel Pump,Delhi,87
2023-01-18,Exhaust System,Delhi,49
2023-01-18,Battery,South,34
2023-01-19,Part Name,East,17
2023-01-19,Engine,East,98
2023-01-19,Transmission,Bangalore,63
2023-01-19,Brake Pads,Delhi,31
2023-01-19,Alternator,Mangalore,49
2023-01-19,Starter Motor,East,42
2023-01-19,Suspension System,Mangalore,71
2023-01-19,Fuel Pump,South,54
2023-01-19,Exhaust System,South,76
2023-01-19,Battery,South,71
2023-01-20,Part Name,Bangalore,80
2023-01-20,Engine,South,56
2023-01-20,Transmission,East,64
2023-01-20,Brake Pads,South,29
2023-01-20,Alternator,North,29
2023-01-20,Starter Motor,North,53
2023-01-20,Suspension System,Bangalore,47
2023-01-20,Fuel Pump,Delhi,58
2023-01-20,Exhaust System,East,96
2023-01-20,Battery,Bangalore,8
2023-01-21,Part Name,Bangalore,31
2023-01-21,Engine,Mangalore,12
2023-01-21,Transmission,East,14
2023-01-21,Brake Pads,Delhi,94
2023-01-21,Alternator,Delhi,54
2023-01-21,Starter Motor,North,25
2023-01-21,Suspension System,South,2
2023-01-21,Fuel Pump,South,23
2023-01-21,Exhaust System,Bangalore,63
2023-01-21,Battery,South,44
2023-01-22,Part Name,Bangalore,5
2023-01-22,Engine,East,19
2023-01-22,Transmission,Bangalore,23
2023-01-22,Brake Pads,Bangalore,87
2023-01-22,Alternator,South,26
2023-01-22,Starter Motor,North,36
2023-01-22,Suspension System,Bangalore,17
2023-01-22,Fuel Pump,Mangalore,55
2023-01-22,Exhaust System,North,41
2023-01-22,Battery,Delhi,58
2023-01-23,Part Name,Bangalore,4
2023-01-23,Engine,South,3
2023-01-23,Transmission,North,9
2023-01-23,Brake Pads,Delhi,15
2023-01-23,Alternator,South,82
2023-01-23,Starter Motor,Bangalore,68
2023-01-23,Suspension System,Bangalore,50
2023-01-23,Fuel Pump,South,49
2023-01-23,Exhaust System,South,13
2023-01-23,Battery,Bangalore,82
2023-01-24,Part Name,North,94
2023-01-24,Engine,East,32
2023-01-24,Transmission,Bangalore,58
2023-01-24,Brake Pads,North,80
2023-01-24,Alternator,North,17
2023-01-24,Starter Motor,Delhi,82
2023-01-24,Suspension System,Bangalore,63
2023-01-24,Fuel Pump,South,89
2023-01-24,Exhaust System,East,25
2023-01-24,Battery,South,93
2023-01-25,Part Name,South,12
2023-01-25,Engine,East,100
2023-01-25,Transmission,Delhi,75
2023-01-25,Brake Pads,Bangalore,72
2023-01-25,Alternator,Delhi,14
2023-01-25,Starter Motor,East,20
2023-01-25,Suspension System,North,36
2023-01-25,Fuel Pump,South,89
2023-01-25,Exhaust System,North,71
2023-01-25,Battery,Bangalore,95
2023-01-26,Part Name,Delhi,81
2023-01-26,Engine,South,4
2023-01-26,Transmission,East,75
2023-01-26,Brake Pads,Bangalore,69
2023-01-26,Alternator,Mangalore,82
2023-01-26,Starter Motor,Delhi,18
2023-01-26,Suspension System,North,97
2023-01-26,Fuel Pump,North,18
2023-01-26,Exhaust System,Bangalore,69
2023-01-26,Battery,Mangalore,69
2023-01-27,Part Name,Mangalore,24
2023-01-27,Engine,Delhi,34
2023-01-27,Transmission,Bangalore,36
2023-01-27,Brake Pads,East,65
2023-01-27,Alternator,East,6
2023-01-27,Starter Motor,East,98
2023-01-27,Suspension System,South,61
2023-01-27,Fuel Pump,Mangalore,83
2023-01-27,Exhaust System,Delhi,88
2023-01-27,Battery,Bangalore,8
2023-01-28,Part Name,Delhi,54
2023-01-28,Engine,Bangalore,87
2023-01-28,Transmission,Delhi,27
2023-01-28,Brake Pads,South,0
2023-01-28,Alternator,South,30
2023-01-28,Starter Motor,North,90
2023-01-28,Suspension System,East,96
2023-01-28,Fuel Pump,East,8
2023-01-28,Exhaust System,Delhi,55
2023-01-28,Battery,North,24
2023-01-29,Part Name,Mangalore,87
2023-01-29,Engine,East,82
2023-01-29,Transmission,North,67
2023-01-29,Brake Pads,South,62
2023-01-29,Alternator,East,29
2023-01-29,Starter Motor,North,69
2023-01-29,Suspension System,East,71
2023-01-29,Fuel Pump,Mangalore,44
2023-01-29,Exhaust System,Bangalore,81
2023-01-29,Battery,East,42
2023-01-30,Part Name,Bangalore,41
2023-01-30,Engine,Mangalore,18
2023-01-30,Transmission,Delhi,51
2023-01-30,Brake Pads,East,55
2023-01-30,Alternator,South,99
2023-01-30,Starter Motor,South,87
2023-01-30,Suspension System,Delhi,24
2023-01-30,Fuel Pump,East,35
2023-01-30,Exhaust System,North,42
2023-01-30,Battery,Delhi,7
2023-01-31,Part Name,Mangalore,10
2023-01-31,Engine,Bangalore,4
2023-01-31,Transmission,South,60
2023-01-31,Brake Pads,East,76
2023-01-31,Alternator,Bangalore,93
2023-01-31,Starter Motor,North,90
2023-01-31,Suspension System,Bangalore,6
2023-01-31,Fuel Pump,South,48
2023-01-31,Exhaust System,South,67
2023-01-31,Battery,Bangalore,48
2023-02-01,Part Name,Mangalore,0
2023-02-01,Engine,Delhi,5
2023-02-01,Transmission,North,87
2023-02-01,Brake Pads,North,80
2023-02-01,Alternator,North,36
2023-02-01,Starter Motor,Bangalore,91
2023-02-01,Suspension System,Bangalore,71
2023-02-01,Fuel Pump,Bangalore,22
2023-02-01,Exhaust System,Delhi,11
2023-02-01,Battery,South,39
2023-02-02,Part Name,South,14
2023-02-02,Engine,Bangalore,87
2023-02-02,Transmission,South,8
2023-02-02,Brake Pads,South,87
2023-02-02,Alternator,South,11
2023-02-02,Starter Motor,East,12
2023-02-02,Suspension System,Mangalore,59
2023-02-02,Fuel Pump,East,86
2023-02-02,Exhaust System,Bangalore,18
2023-02-02,Battery,South,54
2023-02-03,Part Name,Bangalore,2
2023-02-03,Engine,Bangalore,55
2023-02-03,Transmission,Delhi,55
2023-02-03,Brake Pads,East,71
2023-02-03,Alternator,South,7
2023-02-03,Starter Motor,South,2
2023-02-03,Suspension System,Delhi,36
2023-02-03,Fuel Pump,South,85
2023-02-03,Exhaust System,South,67
2023-02-03,Battery,East,58
2023-02-04,Part Name,East,69
2023-02-04,Engine,East,53
2023-02-04,Transmission,Mangalore,40
2023-02-04,Brake Pads,Bangalore,67
2023-02-04,Alternator,East,73
2023-02-04,Starter Motor,East,84
2023-02-04,Suspension System,East,83
2023-02-04,Fuel Pump,Mangalore,56
2023-02-04,Exhaust System,North,76
2023-02-04,Battery,Delhi,17
2023-02-05,Part Name,North,33
2023-02-05,Engine,Bangalore,80
2023-02-05,Transmission,Delhi,78
2023-02-05,Brake Pads,Bangalore,82
2023-02-05,Alternator,East,21
2023-02-05,Starter Motor,South,87
2023-02-05,Suspension System,Mangalore,86
2023-02-05,Fuel Pump,North,31
2023-02-05,Exhaust System,East,78
2023-02-05,Battery,South,4
2023-02-06,Part Name,North,75
2023-02-06,Engine,Mangalore,28
2023-02-06,Transmission,East,81
2023-02-06,Brake Pads,Bangalore,79
2023-02-06,Alternator,North,32
2023-02-06,Starter Motor,North,24
2023-02-06,Suspension System,South,2
2023-02-06,Fuel Pump,Delhi,58
2023-02-06,Exhaust System,North,2
2023-02-06,Battery,North,7
2023-02-07,Part Name,Bangalore,14
2023-02-07,Engine,Delhi,23
2023-02-07,Transmission,Delhi,86
2023-02-07,Brake Pads,Bangalore,53
2023-02-07,Alternator,South,79
2023-02-07,Starter Motor,South,78
2023-02-07,Suspension System,Mangalore,97
2023-02-07,Fuel Pump,Delhi,3
2023-02-07,Exhaust System,Mangalore,27
2023-02-07,Battery,Delhi,43
2023-02-08,Part Name,South,48
2023-02-08,Engine,East,49
2023-02-08,Transmission,Mangalore,28
2023-02-08,Brake Pads,South,55
2023-02-08,Alternator,Mangalore,89
2023-02-08,Starter Motor,North,35
2023-02-08,Suspension System,Delhi,35
2023-02-08,Fuel Pump,Mangalore,44
2023-02-08,Exhaust System,Mangalore,98
2023-02-08,Battery,Delhi,37
2023-02-09,Part Name,North,57
2023-02-09,Engine,Delhi,97
2023-02-09,Transmission,South,45
2023-02-09,Brake Pads,East,79
2023-02-09,Alternator,Mangalore,69
2023-02-09,Starter Motor,Bangalore,54
2023-02-09,Suspension System,Bangalore,68
2023-02-09,Fuel Pump,North,86
2023-02-09,Exhaust System,East,51
2023-02-09,Battery,Bangalore,21
2023-02-10,Part Name,South,9
2023-02-10,Engine,East,23
2023-02-10,Transmission,East,14
2023-02-10,Brake Pads,East,35
2023-02-10,Alternator,North,87
2023-02-10,Starter Motor,Mangalore,56
2023-02-10,Suspension System,Mangalore,66
2023-02-10,Fuel Pump,East,99
2023-02-10,Exhaust System,East,56
2023-02-10,Battery,South,38
2023-02-11,Part Name,Delhi,13
2023-02-11,Engine,North,48
2023-02-11,Transmission,Mangalore,91
2023-02-11,Brake Pads,Bangalore,28
2023-02-11,Alternator,Delhi,100
2023-02-11,Starter Motor,Mangalore,68
2023-02-11,Suspension System,Delhi,7
2023-02-11,Fuel Pump,Mangalore,10
2023-02-11,Exhaust System,North,82
2023-02-11,Battery,Bangalore,30
2023-02-12,Part Name,Bangalore,99
2023-02-12,Engine,Bangalore,92
2023-02-12,Transmission,Bangalore,41
2023-02-12,Brake Pads,Bangalore,60
2023-02-12,Alternator,Mangalore,56
2023-02-12,Starter Motor,Mangalore,36
2023-02-12,Suspension System,East,90
2023-02-12,Fuel Pump,East,12
2023-02-12,Exhaust System,Mangalore,22
2023-02-12,Battery,Delhi,96
2023-02-13,Part Name,Delhi,91
2023-02-13,Engine,Mangalore,93
2023-02-13,Transmission,Bangalore,85
2023-02-13,Brake Pads,South,22
2023-02-13,Alternator,North,16
2023-02-13,Starter Motor,South,65
2023-02-13,Suspension System,South,76
2023-02-13,Fuel Pump,South,0
2023-02-13,Exhaust System,Delhi,82
2023-02-13,Battery,East,61
2023-02-14,Part Name,North,61
2023-02-14,Engine,Delhi,73
2023-02-14,Transmission,Mangalore,59
2023-02-14,Brake Pads,East,69
2023-02-14,Alternator,Bangalore,49
2023-02-14,Starter Motor,South,6
2023-02-14,Suspension System,South,2
2023-02-14,Fuel Pump,South,96
2023-02-14,Exhaust System,South,32
2023-02-14,Battery,South,43
2023-02-15,Part Name,South,69
2023-02-15,Engine,Mangalore,64
2023-02-15,Transmission,Mangalore,85
2023-02-15,Brake Pads,Bangalore,32
2023-02-15,Alternator,Mangalore,30
2023-02-15,Starter Motor,Delhi,5
2023-02-15,Suspension System,East,98
2023-02-15,Fuel Pump,Delhi,44
2023-02-15,Exhaust System,Bangalore,99
2023-02-15,Battery,South,78
2023-02-16,Part Name,Bangalore,4
2023-02-16,Engine,Mangalore,54
2023-02-16,Transmission,Bangalore,45
2023-02-16,Brake Pads,Bangalore,76
2023-02-16,Alternator,Bangalore,26
2023-02-16,Starter Motor,Mangalore,37
2023-02-16,Suspension System,North,42
2023-02-16,Fuel Pump,Delhi,9
2023-02-16,Exhaust System,Mangalore,23
2023-02-16,Battery,Bangalore,35
2023-02-17,Part Name,Mangalore,82
2023-02-17,Engine,South,68
2023-02-17,Transmission,East,84
2023-02-17,Brake Pads,East,0
2023-02-17,Alternator,North,7
2023-02-17,Starter Motor,North,90
2023-02-17,Suspension System,East,15
2023-02-17,Fuel Pump,Mangalore,36
2023-02-17,Exhaust System,East,25
2023-02-17,Battery,East,90
2023-02-18,Part Name,North,56
2023-02-18,Engine,Bangalore,96
2023-02-18,Transmission,South,80
2023-02-18,Brake Pads,Delhi,44
2023-02-18,Alternator,East,72
2023-02-18,Starter Motor,Mangalore,66
2023-02-18,Suspension System,Delhi,18
2023-02-18,Fuel Pump,North,75
2023-02-18,Exhaust System,Delhi,65
2023-02-18,Battery,North,18
2023-02-19,Part Name,Bangalore,21
2023-02-19,Engine,Bangalore,43
2023-02-19,Transmission,East,58
2023-02-19,Brake Pads,Bangalore,64
2023-02-19,Alternator,Delhi,24
2023-02-19,Starter Motor,North,68
2023-02-19,Suspension System,Mangalore,45
2023-02-19,Fuel Pump,Mangalore,45
2023-02-19,Exhaust System,South,90
2023-02-19,Battery,Mangalore,95
2023-02-20,Part Name,Mangalore,96
2023-02-20,Engine,South,98
2023-02-20,Transmission,Delhi,97
2023-02-20,Brake Pads,South,33
2023-02-20,Alternator,Mangalore,34
2023-02-20,Starter Motor,Delhi,60
2023-02-20,Suspension System,Bangalore,82
2023-02-20,Fuel Pump,East,88
2023-02-20,Exhaust System,East,32
2023-02-20,Battery,North,14
2023-02-21,Part Name,South,18
2023-02-21,Engine,South,96
2023-02-21,Transmission,Mangalore,59
2023-02-21,Brake Pads,Delhi,3
2023-02-21,Alternator,East,98
2023-02-21,Starter Motor,Mangalore,75
2023-02-21,Suspension System,Mangalore,87
2023-02-21,Fuel Pump,Mangalore,24
2023-02-21,Exhaust System,North,0
2023-02-21,Battery,South,2
2023-02-22,Part Name,South,12
2023-02-22,Engine,Delhi,88
2023-02-22,Transmission,East,29
2023-02-22,Brake Pads,East,80
2023-02-22,Alternator,South,32
2023-02-22,Starter Motor,Delhi,99
2023-02-22,Suspension System,South,37
2023-02-22,Fuel Pump,Delhi,18
2023-02-22,Exhaust System,North,59
2023-02-22,Battery,North,36
2023-02-23,Part Name,East,12
2023-02-23,Engine,East,19
2023-02-23,Transmission,Bangalore,39
2023-02-23,Brake Pads,East,81
2023-02-23,Alternator,Delhi,30
2023-02-23,Starter Motor,East,28
2023-02-23,Suspension System,Bangalore,97
2023-02-23,Fuel Pump,Delhi,45
2023-02-23,Exhaust System,Bangalore,69
2023-02-23,Battery,East,36
2023-02-24,Part Name,North,39
2023-02-24,Engine,South,64
2023-02-24,Transmission,South,40
2023-02-24,Brake Pads,Delhi,5
2023-02-24,Alternator,North,74
2023-02-24,Starter Motor,Delhi,89
2023-02-24,Suspension System,Bangalore,22
2023-02-24,Fuel Pump,Mangalore,75
2023-02-24,Exhaust System,North,98
2023-02-24,Battery,Delhi,72
2023-02-25,Part Name,Delhi,64
2023-02-25,Engine,South,69
2023-02-25,Transmission,Bangalore,62
2023-02-25,Brake Pads,South,25
2023-02-25,Alternator,East,12
2023-02-25,Starter Motor,South,15
2023-02-25,Suspension System,Delhi,56
2023-02-25,Fuel Pump,Bangalore,78
2023-02-25,Exhaust System,Delhi,47
2023-02-25,Battery,Delhi,0
2023-02-26,Part Name,Delhi,13
2023-02-26,Engine,South,87
2023-02-26,Transmission,Delhi,70
2023-02-26,Brake Pads,Mangalore,5
2023-02-26,Alternator,East,0
2023-02-26,Starter Motor,Mangalore,43
2023-02-26,Suspension System,Bangalore,89
2023-02-26,Fuel Pump,North,100
2023-02-26,Exhaust System,Mangalore,13
2023-02-26,Battery,South,93
2023-02-27,Part Name,South,54
2023-02-27,Engine,North,21
2023-02-27,Transmission,Mangalore,43
2023-02-27,Brake Pads,Bangalore,49
2023-02-27,Alternator,Mangalore,45
2023-02-27,Starter Motor,Delhi,13
2023-02-27,Suspension System,Bangalore,61
2023-02-27,Fuel Pump,Mangalore,61
2023-02-27,Exhaust System,East,17
2023-02-27,Battery,Mangalore,18
2023-02-28,Part Name,Mangalore,1
2023-02-28,Engine,East,96
2023-02-28,Transmission,North,8
2023-02-28,Brake Pads,North,59
2023-02-28,Alternator,North,50
2023-02-28,Starter Motor,Bangalore,47
2023-02-28,Suspension System,Delhi,77
2023-02-28,Fuel Pump,Mangalore,39
2023-02-28,Exhaust System,North,9
2023-02-28,Battery,South,3
2023-03-01,Part Name,Mangalore,56
2023-03-01,Engine,Mangalore,90
2023-03-01,Transmission,Delhi,52
2023-03-01,Brake Pads,North,69
2023-03-01,Alternator,Bangalore,88
2023-03-01,Starter Motor,South,22
2023-03-01,Suspension System,South,17
2023-03-01,Fuel Pump,South,63
2023-03-01,Exhaust System,South,76
2023-03-01,Battery,Bangalore,68
